AMDMAJG,AMDMAJH,AMDMAJI
AMDMAKG,AMDMAKH,AMDMAKI
AMDMALG,AMDMALH,AMDMALI
AMDMBJG,AMDMBJH,AMDMBJI
AMDMBKG,AMDMBKH,AMDMBKI
AMDMBLG,AMDMBLH,AMDMBLI
AMDMCJG,AMDMCJH,AMDMCJI
AMDMCKG,AMDMCKH,AMDMCKI
AMDMCLG,AMDMCLH,AMDMCLI
AMDNAJG,AMDNAJH,AMDNAJI
AMDNAKG,AMDNAKH,AMDNAKI
AMDNALG,AMDNALH,AMDNALI
AMDNBJG,AMDNBJH,AMDNBJI
AMDNBKG,AMDNBKH,AMDNBKI
AMDNBLG,AMDNBLH,AMDNBLI
AMDNCJG,AMDNCJH,AMDNCJI
AMDNCKG,AMDNCKH,AMDNCKI
AMDNCLG,AMDNCLH,AMDNCLI
AMDOAJG,AMDOAJH,AMDOAJI
AMDOAKG,AMDOAKH,AMDOAKI
AMDOALG,AMDOALH,AMDOALI
AMDOBJG,AMDOBJH,AMDOBJI
AMDOBKG,AMDOBKH,AMDOBKI
AMDOBLG,AMDOBLH,AMDOBLI
AMDOCJG,AMDOCJH,AMDOCJI
AMDOCKG,AMDOCKH,AMDOCKI
AMDOCLG,AMDOCLH,AMDOCLI
AMEMAJG,AMEMAJH,AMEMAJI
AMEMAKG,AMEMAKH,AMEMAKI
AMEMALG,AMEMALH,AMEMALI
AMEMBJG,AMEMBJH,AMEMBJI
AMEMBKG,AMEMBKH,AMEMBKI
AMEMBLG,AMEMBLH,AMEMBLI
AMEMCJG,AMEMCJH,AMEMCJI
AMEMCKG,AMEMCKH,AMEMCKI
AMEMCLG,AMEMCLH,AMEMCLI
AMENAJG,AMENAJH,AMENAJI
AMENAKG,AMENAKH,AMENAKI
AMENALG,AMENALH,AMENALI
AMENBJG,AMENBJH,AMENBJI
AMENBKG,AMENBKH,AMENBKI
AMENBLG,AMENBLH,AMENBLI
AMENCJG,AMENCJH,AMENCJI
AMENCKG,AMENCKH,AMENCKI
AMENCLG,AMENCLH,AMENCLI
AMEOAJG,AMEOAJH,AMEOAJI
AMEOAKG,AMEOAKH,AMEOAKI
AMEOALG,AMEOALH,AMEOALI
AMEOBJG,AMEOBJH,AMEOBJI
AMEOBKG,AMEOBKH,AMEOBKI
AMEOBLG,AMEOBLH,AMEOBLI
AMEOCJG,AMEOCJH,AMEOCJI
AMEOCKG,AMEOCKH,AMEOCKI
AMEOCLG,AMEOCLH,AMEOCLI
AMFMAJG,AMFMAJH,AMFMAJI
AMFMAKG,AMFMAKH,AMFMAKI
AMFMALG,AMFMALH,AMFMALI
AMFMBJG,AMFMBJH,AMFMBJI
AMFMBKG,AMFMBKH,AMFMBKI
AMFMBLG,AMFMBLH,AMFMBLI
AMFMCJG,AMFMCJH,AMFMCJI
AMFMCKG,AMFMCKH,AMFMCKI
AMFMCLG,AMFMCLH,AMFMCLI
AMFNAJG,AMFNAJH,AMFNAJI
AMFNAKG,AMFNAKH,AMFNAKI
AMFNALG,AMFNALH,AMFNALI
AMFNBJG,AMFNBJH,AMFNBJI
AMFNBKG,AMFNBKH,AMFNBKI
AMFNBLG,AMFNBLH,AMFNBLI
AMFNCJG,AMFNCJH,AMFNCJI
AMFNCKG,AMFNCKH,AMFNCKI
AMFNCLG,AMFNCLH,AMFNCLI
AMFOAJG,AMFOAJH,AMFOAJI
AMFOAKG,AMFOAKH,AMFOAKI
AMFOALG,AMFOALH,AMFOALI
AMFOBJG,AMFOBJH,AMFOBJI
AMFOBKG,AMFOBKH,AMFOBKI
AMFOBLG,AMFOBLH,AMFOBLI
AMFOCJG,AMFOCJH,AMFOCJI
AMFOCKG,AMFOCKH,AMFOCKI
AMFOCLG,AMFOCLH,AMFOCLI
ANDMAJG,ANDMAJH,ANDMAJI
ANDMAKG,ANDMAKH,ANDMAKI
ANDMALG,ANDMALH,ANDMALI
ANDMBJG,ANDMBJH,ANDMBJI
ANDMBKG,ANDMBKH,ANDMBKI
ANDMBLG,ANDMBLH,ANDMBLI
ANDMCJG,ANDMCJH,ANDMCJI
ANDMCKG,ANDMCKH,ANDMCKI
ANDMCLG,ANDMCLH,ANDMCLI
ANDNAJG,ANDNAJH,ANDNAJI
ANDNAKG,ANDNAKH,ANDNAKI
ANDNALG,ANDNALH,ANDNALI
ANDNBJG,ANDNBJH,ANDNBJI
ANDNBKG,ANDNBKH,ANDNBKI
ANDNBLG,ANDNBLH,ANDNBLI
ANDNCJG,ANDNCJH,ANDNCJI
ANDNCKG,ANDNCKH,ANDNCKI
ANDNCLG,ANDNCLH,ANDNCLI
ANDOAJG,ANDOAJH,ANDOAJI
ANDOAKG,ANDOAKH,ANDOAKI
ANDOALG,ANDOALH,ANDOALI
ANDOBJG,ANDOBJH,ANDOBJI
ANDOBKG,ANDOBKH,ANDOBKI
ANDOBLG,ANDOBLH,ANDOBLI
ANDOCJG,ANDOCJH,ANDOCJI
ANDOCKG,ANDOCKH,ANDOCKI
ANDOCLG,ANDOCLH,ANDOCLI
ANEMAJG,ANEMAJH,ANEMAJI
ANEMAKG,ANEMAKH,ANEMAKI
ANEMALG,ANEMALH,ANEMALI
ANEMBJG,ANEMBJH,ANEMBJI
ANEMBKG,ANEMBKH,ANEMBKI
ANEMBLG,ANEMBLH,ANEMBLI
ANEMCJG,ANEMCJH,ANEMCJI
ANEMCKG,ANEMCKH,ANEMCKI
ANEMCLG,ANEMCLH,ANEMCLI
ANENAJG,ANENAJH,ANENAJI
ANENAKG,ANENAKH,ANENAKI
ANENALG,ANENALH,ANENALI
ANENBJG,ANENBJH,ANENBJI
ANENBKG,ANENBKH,ANENBKI
ANENBLG,ANENBLH,ANENBLI
ANENCJG,ANENCJH,ANENCJI
ANENCKG,ANENCKH,ANENCKI
ANENCLG,ANENCLH,ANENCLI
ANEOAJG,ANEOAJH,ANEOAJI
ANEOAKG,ANEOAKH,ANEOAKI
ANEOALG,ANEOALH,ANEOALI
ANEOBJG,ANEOBJH,ANEOBJI
ANEOBKG,ANEOBKH,ANEOBKI
ANEOBLG,ANEOBLH,ANEOBLI
ANEOCJG,ANEOCJH,ANEOCJI
ANEOCKG,ANEOCKH,ANEOCKI
ANEOCLG,ANEOCLH,ANEOCLI
ANFMAJG,ANFMAJH,ANFMAJI
ANFMAKG,ANFMAKH,ANFMAKI
ANFMALG,ANFMALH,ANFMALI
ANFMBJG,ANFMBJH,ANFMBJI
ANFMBKG,ANFMBKH,ANFMBKI
ANFMBLG,ANFMBLH,ANFMBLI
ANFMCJG,ANFMCJH,ANFMCJI
ANFMCKG,ANFMCKH,ANFMCKI
ANFMCLG,ANFMCLH,ANFMCLI
ANFNAJG,ANFNAJH,ANFNAJI
ANFNAKG,ANFNAKH,ANFNAKI
ANFNALG,ANFNALH,ANFNALI
ANFNBJG,ANFNBJH,ANFNBJI
ANFNBKG,ANFNBKH,ANFNBKI
ANFNBLG,ANFNBLH,ANFNBLI
ANFNCJG,ANFNCJH,ANFNCJI
ANFNCKG,ANFNCKH,ANFNCKI
ANFNCLG,ANFNCLH,ANFNCLI
ANFOAJG,ANFOAJH,ANFOAJI
ANFOAKG,ANFOAKH,ANFOAKI
ANFOALG,ANFOALH,ANFOALI
ANFOBJG,ANFOBJH,ANFOBJI
ANFOBKG,ANFOBKH,ANFOBKI
ANFOBLG,ANFOBLH,ANFOBLI
ANFOCJG,ANFOCJH,ANFOCJI
ANFOCKG,ANFOCKH,ANFOCKI
ANFOCLG,ANFOCLH,ANFOCLI
AODMAJG,AODMAJH,AODMAJI
AODMAKG,AODMAKH,AODMAKI
AODMALG,AODMALH,AODMALI
AODMBJG,AODMBJH,AODMBJI
AODMBKG,AODMBKH,AODMBKI
AODMBLG,AODMBLH,AODMBLI
AODMCJG,AODMCJH,AODMCJI
AODMCKG,AODMCKH,AODMCKI
AODMCLG,AODMCLH,AODMCLI
AODNAJG,AODNAJH,AODNAJI
AODNAKG,AODNAKH,AODNAKI
AODNALG,AODNALH,AODNALI
AODNBJG,AODNBJH,AODNBJI
AODNBKG,AODNBKH,AODNBKI
AODNBLG,AODNBLH,AODNBLI
AODNCJG,AODNCJH,AODNCJI
AODNCKG,AODNCKH,AODNCKI
AODNCLG,AODNCLH,AODNCLI
AODOAJG,AODOAJH,AODOAJI
AODOAKG,AODOAKH,AODOAKI
AODOALG,AODOALH,AODOALI
AODOBJG,AODOBJH,AODOBJI
AODOBKG,AODOBKH,AODOBKI
AODOBLG,AODOBLH,AODOBLI
AODOCJG,AODOCJH,AODOCJI
AODOCKG,AODOCKH,AODOCKI
AODOCLG,AODOCLH,AODOCLI
AOEMAJG,AOEMAJH,AOEMAJI
AOEMAKG,AOEMAKH,AOEMAKI
AOEMALG,AOEMALH,AOEMALI
AOEMBJG,AOEMBJH,AOEMBJI
AOEMBKG,AOEMBKH,AOEMBKI
AOEMBLG,AOEMBLH,AOEMBLI
AOEMCJG,AOEMCJH,AOEMCJI
AOEMCKG,AOEMCKH,AOEMCKI
AOEMCLG,AOEMCLH,AOEMCLI
AOENAJG,AOENAJH,AOENAJI
AOENAKG,AOENAKH,AOENAKI
AOENALG,AOENALH,AOENALI
AOENBJG,AOENBJH,AOENBJI
AOENBKG,AOENBKH,AOENBKI
AOENBLG,AOENBLH,AOENBLI
AOENCJG,AOENCJH,AOENCJI
AOENCKG,AOENCKH,AOENCKI
AOENCLG,AOENCLH,AOENCLI
AOEOAJG,AOEOAJH,AOEOAJI
AOEOAKG,AOEOAKH,AOEOAKI
AOEOALG,AOEOALH,AOEOALI
AOEOBJG,AOEOBJH,AOEOBJI
AOEOBKG,AOEOBKH,AOEOBKI
AOEOBLG,AOEOBLH,AOEOBLI
AOEOCJG,AOEOCJH,AOEOCJI
AOEOCKG,AOEOCKH,AOEOCKI
AOEOCLG,AOEOCLH,AOEOCLI
AOFMAJG,AOFMAJH,AOFMAJI
AOFMAKG,AOFMAKH,AOFMAKI
AOFMALG,AOFMALH,AOFMALI
AOFMBJG,AOFMBJH,AOFMBJI
AOFMBKG,AOFMBKH,AOFMBKI
AOFMBLG,AOFMBLH,AOFMBLI
AOFMCJG,AOFMCJH,AOFMCJI
AOFMCKG,AOFMCKH,AOFMCKI
AOFMCLG,AOFMCLH,AOFMCLI
AOFNAJG,AOFNAJH,AOFNAJI
AOFNAKG,AOFNAKH,AOFNAKI
AOFNALG,AOFNALH,AOFNALI
AOFNBJG,AOFNBJH,AOFNBJI
AOFNBKG,AOFNBKH,AOFNBKI
AOFNBLG,AOFNBLH,AOFNBLI
AOFNCJG,AOFNCJH,AOFNCJI
AOFNCKG,AOFNCKH,AOFNCKI
AOFNCLG,AOFNCLH,AOFNCLI
AOFOAJG,AOFOAJH,AOFOAJI
AOFOAKG,AOFOAKH,AOFOAKI
AOFOALG,AOFOALH,AOFOALI
AOFOBJG,AOFOBJH,AOFOBJI
AOFOBKG,AOFOBKH,AOFOBKI
AOFOBLG,AOFOBLH,AOFOBLI
AOFOCJG,AOFOCJH,AOFOCJI
AOFOCKG,AOFOCKH,AOFOCKI
AOFOCLG,AOFOCLH,AOFOCLI
BMDMAJG,BMDMAJH,BMDMAJI
BMDMAKG,BMDMAKH,BMDMAKI
BMDMALG,BMDMALH,BMDMALI
BMDMBJG,BMDMBJH,BMDMBJI
BMDMBKG,BMDMBKH,BMDMBKI
BMDMBLG,BMDMBLH,BMDMBLI
BMDMCJG,BMDMCJH,BMDMCJI
BMDMCKG,BMDMCKH,BMDMCKI
BMDMCLG,BMDMCLH,BMDMCLI
BMDNAJG,BMDNAJH,BMDNAJI
BMDNAKG,BMDNAKH,BMDNAKI
BMDNALG,BMDNALH,BMDNALI
BMDNBJG,BMDNBJH,BMDNBJI
BMDNBKG,BMDNBKH,BMDNBKI
BMDNBLG,BMDNBLH,BMDNBLI
BMDNCJG,BMDNCJH,BMDNCJI
BMDNCKG,BMDNCKH,BMDNCKI
BMDNCLG,BMDNCLH,BMDNCLI
BMDOAJG,BMDOAJH,BMDOAJI
BMDOAKG,BMDOAKH,BMDOAKI
BMDOALG,BMDOALH,BMDOALI
BMDOBJG,BMDOBJH,BMDOBJI
BMDOBKG,BMDOBKH,BMDOBKI
BMDOBLG,BMDOBLH,BMDOBLI
BMDOCJG,BMDOCJH,BMDOCJI
BMDOCKG,BMDOCKH,BMDOCKI
BMDOCLG,BMDOCLH,BMDOCLI
BMEMAJG,BMEMAJH,BMEMAJI
BMEMAKG,BMEMAKH,BMEMAKI
BMEMALG,BMEMALH,BMEMALI
BMEMBJG,BMEMBJH,BMEMBJI
BMEMBKG,BMEMBKH,BMEMBKI
BMEMBLG,BMEMBLH,BMEMBLI
BMEMCJG,BMEMCJH,BMEMCJI
BMEMCKG,BMEMCKH,BMEMCKI
BMEMCLG,BMEMCLH,BMEMCLI
BMENAJG,BMENAJH,BMENAJI
BMENAKG,BMENAKH,BMENAKI
BMENALG,BMENALH,BMENALI
BMENBJG,BMENBJH,BMENBJI
BMENBKG,BMENBKH,BMENBKI
BMENBLG,BMENBLH,BMENBLI
BMENCJG,BMENCJH,BMENCJI
BMENCKG,BMENCKH,BMENCKI
BMENCLG,BMENCLH,BMENCLI
BMEOAJG,BMEOAJH,BMEOAJI
BMEOAKG,BMEOAKH,BMEOAKI
BMEOALG,BMEOALH,BMEOALI
BMEOBJG,BMEOBJH,BMEOBJI
BMEOBKG,BMEOBKH,BMEOBKI
BMEOBLG,BMEOBLH,BMEOBLI
BMEOCJG,BMEOCJH,BMEOCJI
BMEOCKG,BMEOCKH,BMEOCKI
BMEOCLG,BMEOCLH,BMEOCLI
BMFMAJG,BMFMAJH,BMFMAJI
BMFMAKG,BMFMAKH,BMFMAKI
BMFMALG,BMFMALH,BMFMALI
BMFMBJG,BMFMBJH,BMFMBJI
BMFMBKG,BMFMBKH,BMFMBKI
BMFMBLG,BMFMBLH,BMFMBLI
BMFMCJG,BMFMCJH,BMFMCJI
BMFMCKG,BMFMCKH,BMFMCKI
BMFMCLG,BMFMCLH,BMFMCLI
BMFNAJG,BMFNAJH,BMFNAJI
BMFNAKG,BMFNAKH,BMFNAKI
BMFNALG,BMFNALH,BMFNALI
BMFNBJG,BMFNBJH,BMFNBJI
BMFNBKG,BMFNBKH,BMFNBKI
BMFNBLG,BMFNBLH,BMFNBLI
BMFNCJG,BMFNCJH,BMFNCJI
BMFNCKG,BMFNCKH,BMFNCKI
BMFNCLG,BMFNCLH,BMFNCLI
BMFOAJG,BMFOAJH,BMFOAJI
BMFOAKG,BMFOAKH,BMFOAKI
BMFOALG,BMFOALH,BMFOALI
BMFOBJG,BMFOBJH,BMFOBJI
BMFOBKG,BMFOBKH,BMFOBKI
BMFOBLG,BMFOBLH,BMFOBLI
BMFOCJG,BMFOCJH,BMFOCJI
BMFOCKG,BMFOCKH,BMFOCKI
BMFOCLG,BMFOCLH,BMFOCLI
BNDMAJG,BNDMAJH,BNDMAJI
BNDMAKG,BNDMAKH,BNDMAKI
BNDMALG,BNDMALH,BNDMALI
BNDMBJG,BNDMBJH,BNDMBJI
BNDMBKG,BNDMBKH,BNDMBKI
BNDMBLG,BNDMBLH,BNDMBLI
BNDMCJG,BNDMCJH,BNDMCJI
BNDMCKG,BNDMCKH,BNDMCKI
BNDMCLG,BNDMCLH,BNDMCLI
BNDNAJG,BNDNAJH,BNDNAJI
BNDNAKG,BNDNAKH,BNDNAKI
BNDNALG,BNDNALH,BNDNALI
BNDNBJG,BNDNBJH,BNDNBJI
BNDNBKG,BNDNBKH,BNDNBKI
BNDNBLG,BNDNBLH,BNDNBLI
BNDNCJG,BNDNCJH,BNDNCJI
BNDNCKG,BNDNCKH,BNDNCKI
BNDNCLG,BNDNCLH,BNDNCLI
BNDOAJG,BNDOAJH,BNDOAJI
BNDOAKG,BNDOAKH,BNDOAKI
BNDOALG,BNDOALH,BNDOALI
BNDOBJG,BNDOBJH,BNDOBJI
BNDOBKG,BNDOBKH,BNDOBKI
BNDOBLG,BNDOBLH,BNDOBLI
BNDOCJG,BNDOCJH,BNDOCJI
BNDOCKG,BNDOCKH,BNDOCKI
BNDOCLG,BNDOCLH,BNDOCLI
BNEMAJG,BNEMAJH,BNEMAJI
BNEMAKG,BNEMAKH,BNEMAKI
BNEMALG,BNEMALH,BNEMALI
BNEMBJG,BNEMBJH,BNEMBJI
BNEMBKG,BNEMBKH,BNEMBKI
BNEMBLG,BNEMBLH,BNEMBLI
BNEMCJG,BNEMCJH,BNEMCJI
BNEMCKG,BNEMCKH,BNEMCKI
BNEMCLG,BNEMCLH,BNEMCLI
BNENAJG,BNENAJH,BNENAJI
BNENAKG,BNENAKH,BNENAKI
BNENALG,BNENALH,BNENALI
BNENBJG,BNENBJH,BNENBJI
BNENBKG,BNENBKH,BNENBKI
BNENBLG,BNENBLH,BNENBLI
BNENCJG,BNENCJH,BNENCJI
BNENCKG,BNENCKH,BNENCKI
BNENCLG,BNENCLH,BNENCLI
BNEOAJG,BNEOAJH,BNEOAJI
BNEOAKG,BNEOAKH,BNEOAKI
BNEOALG,BNEOALH,BNEOALI
BNEOBJG,BNEOBJH,BNEOBJI
BNEOBKG,BNEOBKH,BNEOBKI
BNEOBLG,BNEOBLH,BNEOBLI
BNEOCJG,BNEOCJH,BNEOCJI
BNEOCKG,BNEOCKH,BNEOCKI
BNEOCLG,BNEOCLH,BNEOCLI
BNFMAJG,BNFMAJH,BNFMAJI
BNFMAKG,BNFMAKH,BNFMAKI
BNFMALG,BNFMALH,BNFMALI
BNFMBJG,BNFMBJH,BNFMBJI
BNFMBKG,BNFMBKH,BNFMBKI
BNFMBLG,BNFMBLH,BNFMBLI
BNFMCJG,BNFMCJH,BNFMCJI
BNFMCKG,BNFMCKH,BNFMCKI
BNFMCLG,BNFMCLH,BNFMCLI
BNFNAJG,BNFNAJH,BNFNAJI
BNFNAKG,BNFNAKH,BNFNAKI
BNFNALG,BNFNALH,BNFNALI
BNFNBJG,BNFNBJH,BNFNBJI
BNFNBKG,BNFNBKH,BNFNBKI
BNFNBLG,BNFNBLH,BNFNBLI
BNFNCJG,BNFNCJH,BNFNCJI
BNFNCKG,BNFNCKH,BNFNCKI
BNFNCLG,BNFNCLH,BNFNCLI
BNFOAJG,BNFOAJH,BNFOAJI
BNFOAKG,BNFOAKH,BNFOAKI
BNFOALG,BNFOALH,BNFOALI
BNFOBJG,BNFOBJH,BNFOBJI
BNFOBKG,BNFOBKH,BNFOBKI
BNFOBLG,BNFOBLH,BNFOBLI
BNFOCJG,BNFOCJH,BNFOCJI
BNFOCKG,BNFOCKH,BNFOCKI
BNFOCLG,BNFOCLH,BNFOCLI
BODMAJG,BODMAJH,BODMAJI
BODMAKG,BODMAKH,BODMAKI
BODMALG,BODMALH,BODMALI
BODMBJG,BODMBJH,BODMBJI
BODMBKG,BODMBKH,BODMBKI
BODMBLG,BODMBLH,BODMBLI
BODMCJG,BODMCJH,BODMCJI
BODMCKG,BODMCKH,BODMCKI
BODMCLG,BODMCLH,BODMCLI
BODNAJG,BODNAJH,BODNAJI
BODNAKG,BODNAKH,BODNAKI
BODNALG,BODNALH,BODNALI
BODNBJG,BODNBJH,BODNBJI
BODNBKG,BODNBKH,BODNBKI
BODNBLG,BODNBLH,BODNBLI
BODNCJG,BODNCJH,BODNCJI
BODNCKG,BODNCKH,BODNCKI
BODNCLG,BODNCLH,BODNCLI
BODOAJG,BODOAJH,BODOAJI
BODOAKG,BODOAKH,BODOAKI
BODOALG,BODOALH,BODOALI
BODOBJG,BODOBJH,BODOBJI
BODOBKG,BODOBKH,BODOBKI
BODOBLG,BODOBLH,BODOBLI
BODOCJG,BODOCJH,BODOCJI
BODOCKG,BODOCKH,BODOCKI
BODOCLG,BODOCLH,BODOCLI
BOEMAJG,BOEMAJH,BOEMAJI
BOEMAKG,BOEMAKH,BOEMAKI
BOEMALG,BOEMALH,BOEMALI
BOEMBJG,BOEMBJH,BOEMBJI
BOEMBKG,BOEMBKH,BOEMBKI
BOEMBLG,BOEMBLH,BOEMBLI
BOEMCJG,BOEMCJH,BOEMCJI
BOEMCKG,BOEMCKH,BOEMCKI
BOEMCLG,BOEMCLH,BOEMCLI
BOENAJG,BOENAJH,BOENAJI
BOENAKG,BOENAKH,BOENAKI
BOENALG,BOENALH,BOENALI
BOENBJG,BOENBJH,BOENBJI
BOENBKG,BOENBKH,BOENBKI
BOENBLG,BOENBLH,BOENBLI
BOENCJG,BOENCJH,BOENCJI
BOENCKG,BOENCKH,BOENCKI
BOENCLG,BOENCLH,BOENCLI
BOEOAJG,BOEOAJH,BOEOAJI
BOEOAKG,BOEOAKH,BOEOAKI
BOEOALG,BOEOALH,BOEOALI
BOEOBJG,BOEOBJH,BOEOBJI
BOEOBKG,BOEOBKH,BOEOBKI
BOEOBLG,BOEOBLH,BOEOBLI
BOEOCJG,BOEOCJH,BOEOCJI
BOEOCKG,BOEOCKH,BOEOCKI
BOEOCLG,BOEOCLH,BOEOCLI
BOFMAJG,BOFMAJH,BOFMAJI
BOFMAKG,BOFMAKH,BOFMAKI
BOFMALG,BOFMALH,BOFMALI
BOFMBJG,BOFMBJH,BOFMBJI
BOFMBKG,BOFMBKH,BOFMBKI
BOFMBLG,BOFMBLH,BOFMBLI
BOFMCJG,BOFMCJH,BOFMCJI
BOFMCKG,BOFMCKH,BOFMCKI
BOFMCLG,BOFMCLH,BOFMCLI
BOFNAJG,BOFNAJH,BOFNAJI
BOFNAKG,BOFNAKH,BOFNAKI
BOFNALG,BOFNALH,BOFNALI
BOFNBJG,BOFNBJH,BOFNBJI
BOFNBKG,BOFNBKH,BOFNBKI
BOFNBLG,BOFNBLH,BOFNBLI
BOFNCJG,BOFNCJH,BOFNCJI
BOFNCKG,BOFNCKH,BOFNCKI
BOFNCLG,BOFNCLH,BOFNCLI
BOFOAJG,BOFOAJH,BOFOAJI
BOFOAKG,BOFOAKH,BOFOAKI
BOFOALG,BOFOALH,BOFOALI
BOFOBJG,BOFOBJH,BOFOBJI
BOFOBKG,BOFOBKH,BOFOBKI
BOFOBLG,BOFOBLH,BOFOBLI
BOFOCJG,BOFOCJH,BOFOCJI
BOFOCKG,BOFOCKH,BOFOCKI
BOFOCLG,BOFOCLH,BOFOCLI
CMDMAJG,CMDMAJH,CMDMAJI
CMDMAKG,CMDMAKH,CMDMAKI
CMDMALG,CMDMALH,CMDMALI
CMDMBJG,CMDMBJH,CMDMBJI
CMDMBKG,CMDMBKH,CMDMBKI
CMDMBLG,CMDMBLH,CMDMBLI
CMDMCJG,CMDMCJH,CMDMCJI
CMDMCKG,CMDMCKH,CMDMCKI
CMDMCLG,CMDMCLH,CMDMCLI
CMDNAJG,CMDNAJH,CMDNAJI
CMDNAKG,CMDNAKH,CMDNAKI
CMDNALG,CMDNALH,CMDNALI
CMDNBJG,CMDNBJH,CMDNBJI
CMDNBKG,CMDNBKH,CMDNBKI
CMDNBLG,CMDNBLH,CMDNBLI
CMDNCJG,CMDNCJH,CMDNCJI
CMDNCKG,CMDNCKH,CMDNCKI
CMDNCLG,CMDNCLH,CMDNCLI
CMDOAJG,CMDOAJH,CMDOAJI
CMDOAKG,CMDOAKH,CMDOAKI
CMDOALG,CMDOALH,CMDOALI
CMDOBJG,CMDOBJH,CMDOBJI
CMDOBKG,CMDOBKH,CMDOBKI
CMDOBLG,CMDOBLH,CMDOBLI
CMDOCJG,CMDOCJH,CMDOCJI
CMDOCKG,CMDOCKH,CMDOCKI
CMDOCLG,CMDOCLH,CMDOCLI
CMEMAJG,CMEMAJH,CMEMAJI
CMEMAKG,CMEMAKH,CMEMAKI
CMEMALG,CMEMALH,CMEMALI
CMEMBJG,CMEMBJH,CMEMBJI
CMEMBKG,CMEMBKH,CMEMBKI
CMEMBLG,CMEMBLH,CMEMBLI
CMEMCJG,CMEMCJH,CMEMCJI
CMEMCKG,CMEMCKH,CMEMCKI
CMEMCLG,CMEMCLH,CMEMCLI
CMENAJG,CMENAJH,CMENAJI
CMENAKG,CMENAKH,CMENAKI
CMENALG,CMENALH,CMENALI
CMENBJG,CMENBJH,CMENBJI
CMENBKG,CMENBKH,CMENBKI
CMENBLG,CMENBLH,CMENBLI
CMENCJG,CMENCJH,CMENCJI
CMENCKG,CMENCKH,CMENCKI
CMENCLG,CMENCLH,CMENCLI
CMEOAJG,CMEOAJH,CMEOAJI
CMEOAKG,CMEOAKH,CMEOAKI
CMEOALG,CMEOALH,CMEOALI
CMEOBJG,CMEOBJH,CMEOBJI
CMEOBKG,CMEOBKH,CMEOBKI
CMEOBLG,CMEOBLH,CMEOBLI
CMEOCJG,CMEOCJH,CMEOCJI
CMEOCKG,CMEOCKH,CMEOCKI
CMEOCLG,CMEOCLH,CMEOCLI
CMFMAJG,CMFMAJH,CMFMAJI
CMFMAKG,CMFMAKH,CMFMAKI
CMFMALG,CMFMALH,CMFMALI
CMFMBJG,CMFMBJH,CMFMBJI
CMFMBKG,CMFMBKH,CMFMBKI
CMFMBLG,CMFMBLH,CMFMBLI
CMFMCJG,CMFMCJH,CMFMCJI
CMFMCKG,CMFMCKH,CMFMCKI
CMFMCLG,CMFMCLH,CMFMCLI
CMFNAJG,CMFNAJH,CMFNAJI
CMFNAKG,CMFNAKH,CMFNAKI
CMFNALG,CMFNALH,CMFNALI
CMFNBJG,CMFNBJH,CMFNBJI
CMFNBKG,CMFNBKH,CMFNBKI
CMFNBLG,CMFNBLH,CMFNBLI
CMFNCJG,CMFNCJH,CMFNCJI
CMFNCKG,CMFNCKH,CMFNCKI
CMFNCLG,CMFNCLH,CMFNCLI
CMFOAJG,CMFOAJH,CMFOAJI
CMFOAKG,CMFOAKH,CMFOAKI
CMFOALG,CMFOALH,CMFOALI
CMFOBJG,CMFOBJH,CMFOBJI
CMFOBKG,CMFOBKH,CMFOBKI
CMFOBLG,CMFOBLH,CMFOBLI
CMFOCJG,CMFOCJH,CMFOCJI
CMFOCKG,CMFOCKH,CMFOCKI
CMFOCLG,CMFOCLH,CMFOCLI
CNDMAJG,CNDMAJH,CNDMAJI
CNDMAKG,CNDMAKH,CNDMAKI
CNDMALG,CNDMALH,CNDMALI
CNDMBJG,CNDMBJH,CNDMBJI
CNDMBKG,CNDMBKH,CNDMBKI
CNDMBLG,CNDMBLH,CNDMBLI
CNDMCJG,CNDMCJH,CNDMCJI
CNDMCKG,CNDMCKH,CNDMCKI
CNDMCLG,CNDMCLH,CNDMCLI
CNDNAJG,CNDNAJH,CNDNAJI
CNDNAKG,CNDNAKH,CNDNAKI
CNDNALG,CNDNALH,CNDNALI
CNDNBJG,CNDNBJH,CNDNBJI
CNDNBKG,CNDNBKH,CNDNBKI
CNDNBLG,CNDNBLH,CNDNBLI
CNDNCJG,CNDNCJH,CNDNCJI
CNDNCKG,CNDNCKH,CNDNCKI
CNDNCLG,CNDNCLH,CNDNCLI
CNDOAJG,CNDOAJH,CNDOAJI
CNDOAKG,CNDOAKH,CNDOAKI
CNDOALG,CNDOALH,CNDOALI
CNDOBJG,CNDOBJH,CNDOBJI
CNDOBKG,CNDOBKH,CNDOBKI
CNDOBLG,CNDOBLH,CNDOBLI
CNDOCJG,CNDOCJH,CNDOCJI
CNDOCKG,CNDOCKH,CNDOCKI
CNDOCLG,CNDOCLH,CNDOCLI
CNEMAJG,CNEMAJH,CNEMAJI
CNEMAKG,CNEMAKH,CNEMAKI
CNEMALG,CNEMALH,CNEMALI
CNEMBJG,CNEMBJH,CNEMBJI
CNEMBKG,CNEMBKH,CNEMBKI
CNEMBLG,CNEMBLH,CNEMBLI
CNEMCJG,CNEMCJH,CNEMCJI
CNEMCKG,CNEMCKH,CNEMCKI
CNEMCLG,CNEMCLH,CNEMCLI
CNENAJG,CNENAJH,CNENAJI
CNENAKG,CNENAKH,CNENAKI
CNENALG,CNENALH,CNENALI
CNENBJG,CNENBJH,CNENBJI
CNENBKG,CNENBKH,CNENBKI
CNENBLG,CNENBLH,CNENBLI
CNENCJG,CNENCJH,CNENCJI
CNENCKG,CNENCKH,CNENCKI
CNENCLG,CNENCLH,CNENCLI
CNEOAJG,CNEOAJH,CNEOAJI
CNEOAKG,CNEOAKH,CNEOAKI
CNEOALG,CNEOALH,CNEOALI
CNEOBJG,CNEOBJH,CNEOBJI
CNEOBKG,CNEOBKH,CNEOBKI
CNEOBLG,CNEOBLH,CNEOBLI
CNEOCJG,CNEOCJH,CNEOCJI
CNEOCKG,CNEOCKH,CNEOCKI
CNEOCLG,CNEOCLH,CNEOCLI
CNFMAJG,CNFMAJH,CNFMAJI
CNFMAKG,CNFMAKH,CNFMAKI
CNFMALG,CNFMALH,CNFMALI
CNFMBJG,CNFMBJH,CNFMBJI
CNFMBKG,CNFMBKH,CNFMBKI
CNFMBLG,CNFMBLH,CNFMBLI
CNFMCJG,CNFMCJH,CNFMCJI
CNFMCKG,CNFMCKH,CNFMCKI
CNFMCLG,CNFMCLH,CNFMCLI
CNFNAJG,CNFNAJH,CNFNAJI
CNFNAKG,CNFNAKH,CNFNAKI
CNFNALG,CNFNALH,CNFNALI
CNFNBJG,CNFNBJH,CNFNBJI
CNFNBKG,CNFNBKH,CNFNBKI
CNFNBLG,CNFNBLH,CNFNBLI
CNFNCJG,CNFNCJH,CNFNCJI
CNFNCKG,CNFNCKH,CNFNCKI
CNFNCLG,CNFNCLH,CNFNCLI
CNFOAJG,CNFOAJH,CNFOAJI
CNFOAKG,CNFOAKH,CNFOAKI
CNFOALG,CNFOALH,CNFOALI
CNFOBJG,CNFOBJH,CNFOBJI
CNFOBKG,CNFOBKH,CNFOBKI
CNFOBLG,CNFOBLH,CNFOBLI
CNFOCJG,CNFOCJH,CNFOCJI
CNFOCKG,CNFOCKH,CNFOCKI
CNFOCLG,CNFOCLH,CNFOCLI
CODMAJG,CODMAJH,CODMAJI
CODMAKG,CODMAKH,CODMAKI
CODMALG,CODMALH,CODMALI
CODMBJG,CODMBJH,CODMBJI
CODMBKG,CODMBKH,CODMBKI
CODMBLG,CODMBLH,CODMBLI
CODMCJG,CODMCJH,CODMCJI
CODMCKG,CODMCKH,CODMCKI
CODMCLG,CODMCLH,CODMCLI
CODNAJG,CODNAJH,CODNAJI
CODNAKG,CODNAKH,CODNAKI
CODNALG,CODNALH,CODNALI
CODNBJG,CODNBJH,CODNBJI
CODNBKG,CODNBKH,CODNBKI
CODNBLG,CODNBLH,CODNBLI
CODNCJG,CODNCJH,CODNCJI
CODNCKG,CODNCKH,CODNCKI
CODNCLG,CODNCLH,CODNCLI
CODOAJG,CODOAJH,CODOAJI
CODOAKG,CODOAKH,CODOAKI
CODOALG,CODOALH,CODOALI
CODOBJG,CODOBJH,CODOBJI
CODOBKG,CODOBKH,CODOBKI
CODOBLG,CODOBLH,CODOBLI
CODOCJG,CODOCJH,CODOCJI
CODOCKG,CODOCKH,CODOCKI
CODOCLG,CODOCLH,CODOCLI
COEMAJG,COEMAJH,COEMAJI
COEMAKG,COEMAKH,COEMAKI
COEMALG,COEMALH,COEMALI
COEMBJG,COEMBJH,COEMBJI
COEMBKG,COEMBKH,COEMBKI
COEMBLG,COEMBLH,COEMBLI
COEMCJG,COEMCJH,COEMCJI
COEMCKG,COEMCKH,COEMCKI
COEMCLG,COEMCLH,COEMCLI
COENAJG,COENAJH,COENAJI
COENAKG,COENAKH,COENAKI
COENALG,COENALH,COENALI
COENBJG,COENBJH,COENBJI
COENBKG,COENBKH,COENBKI
COENBLG,COENBLH,COENBLI
COENCJG,COENCJH,COENCJI
COENCKG,COENCKH,COENCKI
COENCLG,COENCLH,COENCLI
COEOAJG,COEOAJH,COEOAJI
COEOAKG,COEOAKH,COEOAKI
COEOALG,COEOALH,COEOALI
COEOBJG,COEOBJH,COEOBJI
COEOBKG,COEOBKH,COEOBKI
COEOBLG,COEOBLH,COEOBLI
COEOCJG,COEOCJH,COEOCJI
COEOCKG,COEOCKH,COEOCKI
COEOCLG,COEOCLH,COEOCLI
COFMAJG,COFMAJH,COFMAJI
COFMAKG,COFMAKH,COFMAKI
COFMALG,COFMALH,COFMALI
COFMBJG,COFMBJH,COFMBJI
COFMBKG,COFMBKH,COFMBKI
COFMBLG,COFMBLH,COFMBLI
COFMCJG,COFMCJH,COFMCJI
COFMCKG,COFMCKH,COFMCKI
COFMCLG,COFMCLH,COFMCLI
COFNAJG,COFNAJH,COFNAJI
COFNAKG,COFNAKH,COFNAKI
COFNALG,COFNALH,COFNALI
COFNBJG,COFNBJH,COFNBJI
COFNBKG,COFNBKH,COFNBKI
COFNBLG,COFNBLH,COFNBLI
COFNCJG,COFNCJH,COFNCJI
COFNCKG,COFNCKH,COFNCKI
COFNCLG,COFNCLH,COFNCLI
COFOAJG,COFOAJH,COFOAJI
COFOAKG,COFOAKH,COFOAKI
COFOALG,COFOALH,COFOALI
COFOBJG,COFOBJH,COFOBJI
COFOBKG,COFOBKH,COFOBKI
COFOBLG,COFOBLH,COFOBLI
COFOCJG,COFOCJH,COFOCJI
COFOCKG,COFOCKH,COFOCKI
COFOCLG,COFOCLH,COFOCLI
